model,CV_MAE,CV_RMSE,CV_R2,CV_MdAPE_%,CV_logCL_RMSE,MAE_fold_SD,train_MAE,train_RMSE,overfit_ratio_RMSE,category_agreement,inference_us_per_patient,complexity,explainability,tuning_s
ridge,207.89042799735387,334.2380579847108,0.8239050573633352,18.951856561225256,0.2618718666173646,35.27705367629145,202.05597778601478,339.86969125519585,0.9834300221073362,0.8137054104796041,0.13495552020164497,6 coefficients,exact (linear),0.8974156379699707
lasso,207.82477140654572,334.0223770230245,0.8240097003155391,19.09302993154966,0.2619536136274888,35.12696434608214,201.97400776813092,339.2965088035143,0.9844556850906354,0.8153012459464073,0.1431608280324274,<=6 coefficients,exact (linear),0.8327221870422363
elastic_net,207.8534271105332,334.16525813795914,0.8239536805737749,18.97030261450704,0.26188516194370537,35.24314029495724,202.02179782008943,339.70705783278004,0.9836865335381144,0.8142345110087046,0.16443853502673683,<=6 coefficients,exact (linear),0.8897087574005127
random_forest,238.23199281912505,400.09361910619,0.7424808321436535,19.570946290402198,0.3035692524161633,32.18907830781872,157.25604603772484,246.7504805982331,1.621450212117864,0.7866018091824544,10.287751698514477,400 trees,TreeSHAP,90.55414533615112
extra_trees,228.67108138776484,390.48108172375095,0.7636542087403473,18.56884552743492,0.28671712431522167,36.95412257328975,137.96678820986145,238.68889693742005,1.6359415403646869,0.7887011435398533,11.263474840763356,400 trees,TreeSHAP,60.799269676208496
xgboost,231.22900019433433,389.1941687024549,0.7619899151302013,20.084668649781477,0.2815872396705633,34.82218888957227,161.18683584123696,274.42154509118257,1.4182347401809745,0.7897593445980544,3.162975159215027,boosted trees,TreeSHAP,16.317254781723022
lightgbm,240.42928029369992,407.8483767736108,0.741243162353869,20.70153358023039,0.30462564860721414,36.361135681303246,162.85474727700355,301.771992789012,1.351511692666468,0.7913210445468508,16.51924915077656,boosted trees,TreeSHAP,221.43559193611145
mlp,224.76550690727873,377.95572301183046,0.778683431083582,19.543178259975722,0.28978398093660945,38.852140457678516,214.7038837307704,376.0101042427462,1.0051743789518703,0.8116146100017069,1.00564808919073,neural network,KernelSHAP (approx.),19.342913150787354
baseline_population_median,573.8784027880737,871.5342852492122,-0.21388946696465383,,,,,,,,,1 number,trivial,
baseline_direct_AUC_lightgbm,265.6155171395382,410.3709192050636,0.7284501623761571,,,,,,,,,boosted trees,TreeSHAP,
