design,model,CV_MAE,CV_RMSE,CV_R2,CV_MdAPE_%,CV_logCL_RMSE,category_agreement
trough,A-priori (covariates only),207.956647845095,347.94127654247364,0.8204583822980573,19.18844349802048,0.2641529322335241,0.8184713375796179
trough,Bayesian MAP (PK model + levels),169.59633746906013,306.9737894200758,0.8602487118487645,13.576950209126897,0.20089072662196655,0.8726114649681529
trough,Ridge on level features,170.5367232950648,309.0617668962611,0.8583411228116627,13.555233939367179,0.20093281682231645,0.8646496815286624
trough,LightGBM on level features,205.5614796433554,373.0032232219876,0.7936623888165277,15.083960047439678,0.2365748377957208,0.8550955414012739
trough,Hybrid: MAP + LightGBM residual,173.94914789966572,315.07629307726637,0.8527739421446121,12.423771429306901,0.20217981376196797,0.8662420382165605
trough,GRU on TDM sequence,239.1618473560615,384.11514396790216,0.7811855045644558,20.459943921138148,0.3094296859541603,0.7882165605095541
peak_trough,A-priori (covariates only),207.956647845095,347.94127654247364,0.8204583822980573,19.18844349802048,0.2641529322335241,0.8184713375796179
peak_trough,Bayesian MAP (PK model + levels),165.0824350549783,302.8113670510395,0.8640129424782288,13.139799982236555,0.19076476957022462,0.8949044585987261
peak_trough,Ridge on level features,166.5853353612125,306.3035979213473,0.8608582615114567,13.10209721510858,0.19072641281269864,0.8885350318471338
peak_trough,LightGBM on level features,204.01541969350023,372.1405289918144,0.7946157340219668,14.742969894291772,0.22756329327926708,0.8630573248407644
peak_trough,Hybrid: MAP + LightGBM residual,170.99755399878674,311.50109737845264,0.8560961573971331,12.89687538594123,0.1941046430173911,0.8869426751592356
peak_trough,GRU on TDM sequence,239.00838000784242,400.75758870745494,0.7618137216308598,19.455168981846207,0.30888440022363267,0.7945859872611465
