patient_id,split
VANCO_00028,train
VANCO_00056,train
VANCO_00075,train
VANCO_00080,calibration
VANCO_00111,test
VANCO_00124,train
VANCO_00144,calibration
VANCO_00160,train
VANCO_00173,calibration
VANCO_00177,train
VANCO_00209,validation
VANCO_00235,train
VANCO_00239,validation
VANCO_00255,train
VANCO_00322,test
VANCO_00323,validation
VANCO_00339,train
VANCO_00348,test
VANCO_00362,train
VANCO_00372,train
VANCO_00408,train
VANCO_00474,train
VANCO_00475,test
VANCO_00481,calibration
VANCO_00493,train
VANCO_00529,test
VANCO_00534,test
VANCO_00540,calibration
VANCO_00555,train
VANCO_00573,train
VANCO_00600,train
VANCO_00653,test
VANCO_00757,test
VANCO_00777,train
VANCO_00794,validation
VANCO_00824,test
VANCO_00833,train
VANCO_00844,test
VANCO_00868,train
VANCO_00879,train
VANCO_00889,train
VANCO_00906,test
VANCO_00949,train
VANCO_01042,train
VANCO_01046,validation
VANCO_01063,train
VANCO_01069,calibration
VANCO_01109,train
VANCO_01114,train
VANCO_01121,train
VANCO_01124,train
VANCO_01131,test
VANCO_01160,calibration
VANCO_01186,test
VANCO_01219,test
VANCO_01228,train
VANCO_01243,validation
VANCO_01259,train
VANCO_01276,train
VANCO_01302,train
VANCO_01308,train
VANCO_01309,train
VANCO_01326,train
VANCO_01330,train
VANCO_01385,train
VANCO_01401,validation
VANCO_01458,train
VANCO_01492,calibration
VANCO_01518,train
VANCO_01533,train
VANCO_01543,train
VANCO_01559,calibration
VANCO_01605,train
VANCO_01691,test
VANCO_01778,validation
VANCO_01785,train
VANCO_01831,train
VANCO_01844,train
VANCO_02021,calibration
VANCO_02044,validation
VANCO_02062,validation
VANCO_02093,validation
VANCO_02098,calibration
VANCO_02137,train
VANCO_02138,train
VANCO_02141,validation
VANCO_02243,validation
VANCO_02279,train
VANCO_02335,train
VANCO_02343,train
VANCO_02349,train
VANCO_02456,validation
VANCO_02486,test
VANCO_02490,train
VANCO_02510,train
VANCO_02528,calibration
VANCO_02534,train
VANCO_02548,train
VANCO_02575,test
VANCO_02576,train
VANCO_02609,calibration
VANCO_02621,train
VANCO_02632,test
VANCO_02661,test
VANCO_02664,calibration
VANCO_02671,test
VANCO_02714,train
VANCO_02716,validation
VANCO_02726,train
VANCO_02761,test
VANCO_02803,test
VANCO_02807,test
VANCO_02827,train
VANCO_02830,train
VANCO_02859,train
VANCO_02869,calibration
VANCO_02900,train
VANCO_02904,test
VANCO_02918,test
VANCO_02920,calibration
VANCO_02953,train
VANCO_02968,test
VANCO_02991,test
VANCO_03011,train
VANCO_03019,test
VANCO_03039,train
VANCO_03068,test
VANCO_03117,test
VANCO_03132,train
VANCO_03245,train
VANCO_03249,train
VANCO_03281,train
VANCO_03294,calibration
VANCO_03299,train
VANCO_03366,train
VANCO_03409,train
VANCO_03424,train
VANCO_03434,train
VANCO_03447,test
VANCO_03448,test
VANCO_03451,train
VANCO_03497,test
VANCO_03508,train
VANCO_03542,train
VANCO_03593,train
VANCO_03598,train
VANCO_03641,calibration
VANCO_03688,train
VANCO_03712,test
VANCO_03749,train
VANCO_03789,train
VANCO_03803,train
VANCO_03818,test
VANCO_03856,train
VANCO_03875,train
VANCO_03890,train
VANCO_03937,train
VANCO_03941,calibration
VANCO_03966,test
VANCO_03974,train
VANCO_03994,train
VANCO_04015,calibration
VANCO_04016,test
VANCO_04030,train
VANCO_04080,train
VANCO_04099,validation
VANCO_04104,train
VANCO_04134,calibration
VANCO_04144,train
VANCO_04184,test
VANCO_04187,test
VANCO_04232,train
VANCO_04356,calibration
VANCO_04386,calibration
VANCO_04400,train
VANCO_04461,train
VANCO_04487,test
VANCO_04548,train
VANCO_04549,train
VANCO_04551,train
VANCO_04573,calibration
VANCO_04583,train
VANCO_04633,train
VANCO_04669,train
VANCO_04682,train
VANCO_04687,train
VANCO_04697,validation
VANCO_04701,test
VANCO_04705,test
VANCO_04714,train
VANCO_04762,train
VANCO_04781,validation
VANCO_04788,train
VANCO_04804,train
VANCO_04815,train
VANCO_04823,train
VANCO_04877,test
VANCO_04880,train
VANCO_04889,validation
VANCO_04896,train
VANCO_04905,train
VANCO_04910,train
VANCO_04944,calibration
VANCO_04977,train
VANCO_04985,train
VANCO_04990,train
VANCO_05024,test
VANCO_05053,train
VANCO_05115,train
VANCO_05218,train
VANCO_05240,validation
VANCO_05306,train
VANCO_05307,train
VANCO_05351,test
VANCO_05401,train
VANCO_05420,train
VANCO_05429,train
VANCO_05434,calibration
VANCO_05465,train
VANCO_05485,train
VANCO_05502,train
VANCO_05509,test
VANCO_05513,validation
VANCO_05521,train
VANCO_05562,train
VANCO_05574,train
VANCO_05600,test
VANCO_05649,test
VANCO_05661,train
VANCO_05662,calibration
VANCO_05688,validation
VANCO_05711,train
VANCO_05753,train
VANCO_05793,train
VANCO_05803,train
VANCO_05827,train
VANCO_05871,train
VANCO_05922,train
VANCO_06016,train
VANCO_06032,calibration
VANCO_06119,test
VANCO_06129,train
VANCO_06130,calibration
VANCO_06140,calibration
VANCO_06150,train
VANCO_06161,test
VANCO_06164,train
VANCO_06168,train
VANCO_06202,test
VANCO_06203,train
VANCO_06232,train
VANCO_06240,validation
VANCO_06247,train
VANCO_06248,train
VANCO_06268,train
VANCO_06306,train
VANCO_06331,train
VANCO_06377,train
VANCO_06381,calibration
VANCO_06383,validation
VANCO_06399,train
VANCO_06436,train
VANCO_06444,train
VANCO_06445,train
VANCO_06495,test
VANCO_06534,train
VANCO_06568,train
VANCO_06580,train
VANCO_06651,train
VANCO_06702,test
VANCO_06711,validation
VANCO_06755,train
VANCO_06784,test
VANCO_06819,test
VANCO_06834,train
VANCO_06842,train
VANCO_06892,train
VANCO_06924,test
VANCO_06951,calibration
VANCO_06981,train
VANCO_06985,train
VANCO_06994,train
VANCO_07026,train
VANCO_07037,train
VANCO_07046,calibration
VANCO_07101,test
VANCO_07165,train
VANCO_07201,train
VANCO_07223,train
VANCO_07272,train
VANCO_07278,train
VANCO_07289,train
VANCO_07309,test
VANCO_07350,train
VANCO_07413,train
VANCO_07440,train
VANCO_07471,validation
VANCO_07500,test
VANCO_07534,train
VANCO_07557,validation
VANCO_07567,train
VANCO_07589,validation
VANCO_07597,train
VANCO_07608,train
VANCO_07617,calibration
VANCO_07638,train
VANCO_07646,train
VANCO_07673,test
VANCO_07706,train
VANCO_07715,train
VANCO_07745,validation
VANCO_07762,train
VANCO_07769,train
VANCO_07797,train
VANCO_07807,train
VANCO_07827,train
VANCO_07861,validation
VANCO_07889,validation
VANCO_07896,test
VANCO_07915,test
VANCO_07936,train
VANCO_07971,train
VANCO_07977,calibration
VANCO_07990,train
VANCO_08068,test
VANCO_08084,train
VANCO_08095,train
VANCO_08125,test
VANCO_08140,validation
VANCO_08161,validation
VANCO_08173,train
VANCO_08235,validation
VANCO_08263,train
VANCO_08305,train
VANCO_08311,train
VANCO_08312,validation
VANCO_08314,train
VANCO_08316,train
VANCO_08412,train
VANCO_08439,train
VANCO_08464,train
VANCO_08475,train
VANCO_08479,train
VANCO_08491,test
VANCO_08496,train
VANCO_08509,train
VANCO_08511,test
VANCO_08578,train
VANCO_08579,validation
VANCO_08603,train
VANCO_08635,test
VANCO_08646,train
VANCO_08667,train
VANCO_08697,train
VANCO_08734,calibration
VANCO_08752,calibration
VANCO_08779,test
VANCO_08788,test
VANCO_08797,train
VANCO_08851,train
VANCO_08856,train
VANCO_08936,test
VANCO_08960,test
VANCO_08971,test
VANCO_09002,validation
VANCO_09004,train
VANCO_09068,test
VANCO_09084,calibration
VANCO_09096,calibration
VANCO_09141,train
VANCO_09151,train
VANCO_09177,validation
VANCO_09183,test
VANCO_09235,validation
VANCO_09267,train
VANCO_09275,train
VANCO_09302,calibration
VANCO_09307,train
VANCO_09337,test
VANCO_09352,train
VANCO_09359,train
VANCO_09386,test
VANCO_09439,train
VANCO_09512,train
VANCO_09518,train
VANCO_09544,test
VANCO_09556,train
VANCO_09611,train
VANCO_09642,test
VANCO_09693,train
VANCO_09710,train
VANCO_09723,train
VANCO_09776,train
VANCO_09779,test
VANCO_09801,validation
VANCO_09835,train
VANCO_09873,train
VANCO_09882,train
VANCO_09962,test
VANCO_09973,train
